Country,Code,ContinentCode,Year,Exports of goods and services as percent of GDP,Imports of goods and services as percent of GDP,Government spending as percent of GDP,Government debt as percent of GDP,Tax revenue percent of GDP,Rule of law index (-2.5 weak; 2.5 strong),Government effectiveness index (-2.5 weak; 2.5 strong),Control of corruption (-2.5 weak; 2.5 strong),Regulatory quality index (-2.5 weak; 2.5 strong),Voice and accountability index (-2.5 weak; 2.5 strong),Political stability index (-2.5 weak; 2.5 strong),Corruption Perceptions Index 100 = no corruption,Political rights index 7 (weak) - 1 (strong),Civil liberties index 7 (weak) - 1 (strong) ,Quality of roads 1(low) - 7(high),Quality of railroad infrastructure 1(low) - 7(high),Quality of port infrastructure 1(low) - 7(high),Quality of air transport infrastructure 1(low) - 7(high),Human rights and rule of law index 0 (high) - 10 (low),External interventions index 0 (low) - 10 (high),GDP per capita constant 2010 dollars,Economic growth forecast,Income from natural resources percent of GDP,Revenue minus production cost of oil percent of GDP,Revenue minus production cost of natural gas percent of GDP,Innovations index (0-100),Property rights index (0-100),Freedom from corruption index (0-100),Business freedom index (0-100),Trade freedom index (0-100),Economic freedom overall index (0-100),Health spending as percent of GDP,Gini income inequality index,Poverty percent of population,Percent income earned by the top 10 percent of earners,Globalization index (0-100),Economic globalization index (0-100),Military spending percent of GDP,Human Development Index (0 - 1),GDP per capita constant 2010 dollars,Fragile state index 0 (low) - 120 (high),Factionalized elites index 0 (low) - 10 (high),Economic decline index 0 (low) - 10 (high),Uneven economic development index 0 (low) - 10 (high),External interventions index 0 (low) - 10 (high),,,,,,,,,,,,Revenue minus production cost of oil percent of GDP,Gini income inequality index,Poverty percent of population,Percent income earned by the top 10 percent of earners
Afghanistan,AFG,AS,2018,,,,7.38,,-1.67,-1.46,-1.5,-1.13,-0.99,-2.75,16,5,6,,,,,8.2,9.4,564.61,1.19,0.67,0,0,,18,26,53,66,51,9.4,,,,38.52,32.64,1.01,0.496,564.61,106.6,8.6,8.3,7.8,9.4,,,,,,,,,,,,0,,,
Albania,ALB,EU,2018,31.59,45.26,11.29,67.69,18.56,-0.39,0.11,-0.52,0.27,0.21,0.38,36,3,3,4.3,1.3,4.3,3.9,4.5,7,5074.86,4.07,2.35,1.95,0.04,30,54,40,69,88,65,5.26,,,,66.65,68.7,1.17,0.791,5074.86,60.1,6.5,5.7,3.3,7,,,,,,,,,,,,1.35,,,24.9
Algeria,DZA,AF,2018,25.79,32.11,17.15,37.82,,-0.78,-0.44,-0.63,-1.26,-0.98,-0.83,35,6,5,3.6,3.6,3.5,3.7,6.3,4.6,4753.51,1.2,19.02,15.77,3.11,23.9,28,29,68,64,45,6.22,,,,56.15,38.3,5.51,0.759,4753.51,75.8,7.1,6.3,6.3,4.6,,,,,,,,,,,,12.85,,,
Andorra,AND,EU,2018,,,,36.1,,1.61,1.94,1.24,1.19,1.07,1.42,,1,1,,,,,,,45133.71,,0,,,,,,,,,6.71,,,,50.38,,,0.857,45133.71,,,,,,,,,,,,,,,,,,,,
Angola,AGO,AF,2018,40.84,25.54,10.47,89,,-1.05,-1.05,-1.14,-0.88,-0.92,-0.32,19,6,6,2.1,2,2.6,3.3,7,5.1,3233.91,-2,26.77,25.62,0.78,,36,19,58,60,49,2.55,,32.3,39.6,42.81,42.09,1.81,0.574,3233.91,89.4,7.2,6.3,9.6,5.1,,,,,,,,,,,,10.29,,,
Antigua and Barbuda,ATG,NA,2018,71.74,69.46,16.39,78.53,,0.41,-0.01,0.28,0.41,0.6,0.85,,2,2,,,,,4.4,5.8,15134.88,6.95,0,0,,,,,,,,5.23,,,,58.1,61.25,,0.776,15134.88,55.6,3.7,4.8,4.2,5.8,,,,,,,,,,,,0,,,
Argentina,ARG,SA,2018,14.62,16.56,16.38,86.4,10.13,-0.24,0.03,-0.07,-0.29,0.56,0.02,40,2,2,3.4,2.5,3.7,4.3,3.8,4.3,10049.56,-2.57,2.24,1.38,0.39,30.7,41,33,56,70,52,9.62,,32,29.9,71.31,50.29,0.75,0.83,10049.56,46.1,2.8,4.2,5.1,4.3,,,,,,,,,,,,0.74,,,
Armenia,ARM,AS,2018,39.39,53.08,11.49,55.7,20.87,-0.15,-0.02,-0.35,0.33,-0.11,-0.44,35,5,4,3.6,3.1,2.6,4.4,6.9,6.4,4406.71,5.23,6.6,0,0,32.8,55,41,79,80,69,10.03,32.4,23.5,29.2,68.42,69.98,4.9,0.76,4406.71,69.5,7.4,6.6,4.2,6.4,,,,,,,,,,,,0,32.4,29.8,26.7
Aruba,ABW,NA,2018,,,,75,,1.3,1.06,1.25,0.86,1.31,1.36,,,,,,,,,,,1.2,0,,,,,,,,,,,,,45.14,59.51,,,,,,,,,,,,,,,,,,,,0,,,
Australia,AUS,OC,2018,21.82,21.44,18.69,41.66,23.11,1.71,1.6,1.81,1.9,1.43,1,77,1,1,4.8,4.3,4.7,5.4,2,0.7,56832.05,2.84,7.5,0.32,1.34,52,79,77,89,86,81,9.28,,,,81.51,67.73,1.89,0.938,56832.05,20.8,1.7,1.9,1.9,0.7,,,,,,,,,,,,0.21,,,
Austria,AUT,EU,2018,55.69,52.42,19.33,74.04,25.43,1.87,1.45,1.6,1.53,1.38,0.91,76,1,1,5.9,5.3,3.6,5.1,1,0.9,50051.79,2.58,0.15,0.04,0.02,51.3,84,74,76,87,72,10.33,30.5,13.3,,88.56,82.68,0.74,0.914,50051.79,26.2,3.2,1.9,2.6,0.9,,,,,,,,,,,,0.03,30.5,14.1,23.8
Azerbaijan,AZE,AS,2018,54.09,37.58,10.47,18.68,12.97,-0.6,-0.1,-0.83,-0.3,-1.5,-0.7,25,7,6,4.8,4.8,4.9,5.8,8.6,6.5,5800.72,1.5,29.59,25.28,3.8,30.2,54,40,72,75,64,3.51,,,,67.76,72.04,3.62,0.754,5800.72,74.6,7.9,4.1,5.6,6.5,,,,,,,,,,,,12.04,,,
Bahamas,BHS,NA,2018,39.41,38.39,12.11,63.4,14.1,0.1,0.54,1.13,0.18,0.8,0.87,65,1,1,,,,,3.7,3.4,28845.26,3.03,0.01,0,,,47,51,68,53,63,6.25,,,,55.87,48.68,,0.805,28845.26,50,4.5,4.5,4.2,3.4,,,,,,,,,,,,0,,,
Bahrain,BHR,AS,2018,79.57,71.84,16.32,80.7,,0.41,0.18,-0.15,0.42,-1.41,-0.84,36,7,6,5.1,2.7,4.8,5.3,8.9,4.5,21478.12,1.72,4.34,2.31,2.02,31.7,62,52,76,83,68,4.13,,,,68.92,81.96,4.06,0.838,21478.12,64.4,7.6,3.8,4.3,4.5,,,,,,,,,,,,2.44,,,
Bangladesh,BGD,AS,2018,14.8,23.44,6.36,28,,-0.64,-0.75,-0.91,-0.83,-0.73,-0.99,26,4,4,3.1,3.2,3.5,3.7,7.6,6.1,1203.22,7.86,0.66,0.03,0.53,23.1,32,21,52,61,55,2.34,,,,50.12,29.81,1.28,0.614,1203.22,90.3,9.3,5.8,6.4,6.1,,,,,,,,,,,,0.03,,,
Barbados,BRB,NA,2018,41.29,39.71,11.82,126.3,,0.39,0.43,1.41,0.54,1.12,0.92,68,1,1,,,,,3.2,5.7,16136.91,-0.58,0.07,0.05,0,,51,54,71,62,57,6.56,,,,62.95,57.63,,0.813,16136.91,48.2,4.2,5.6,4.3,5.7,,,,,,,,,,,,0.1,,,
Belarus,BLR,EU,2018,70.46,68.94,15.74,47.52,14.67,-0.83,-0.3,-0.19,-0.65,-1.35,0.36,44,6,6,,,,,8,7.3,6586.3,3.14,1.61,0.56,0.03,29.4,54,42,74,81,58,5.64,25.6,5.6,21.4,67.59,61.79,1.2,0.817,6586.3,70.5,8.3,5.5,4.6,7.3,,,,,,,,,,,,0.42,25.6,5.1,21.2
Belgium,BEL,EU,2018,82.99,83.25,22.99,99.8,23.99,1.37,1.17,1.51,1.27,1.4,0.41,75,1,1,4.4,4.1,5.6,5.6,1.2,0.7,47035.61,1.81,0.02,0,0,50.5,81,71,81,87,68,10.32,27.7,,,90.46,87.89,0.91,0.919,47035.61,29.7,4.4,4.5,2.4,0.7,,,,,,,,,,,,0,27.7,15.5,22.2
Belize,BLZ,NA,2018,57.7,58.01,17.49,68.6,,-0.82,-0.59,-0.14,-0.65,0.45,0.01,,1,2,,,,,5,7.2,4217.21,2.9,1.06,0.75,,,42,35,63,65,57,5.69,,,,56.16,57.35,1.2,0.72,4217.21,63.7,4.3,6.6,5.1,7.2,,,,,,,,,,,,0.66,,,
Benin,BEN,AF,2018,27.3,34.55,10.41,41.08,,-0.68,-0.57,-0.39,-0.34,0.27,-0.13,40,2,2,2.9,1.5,3,3.5,4.9,6.3,1211.32,6.7,2.37,0.13,0,20.6,36,30,61,56,57,2.49,47.8,,,50.96,37.73,0.87,0.52,1211.32,75.7,6.7,6.5,7.9,6.3,,,,,,,,,,,,0.06,47.8,40.1,37.6
Bermuda,BMU,NA,2018,51.27,25.85,11.69,,,0.88,1.39,1.24,0.82,,1.16,,,,,,,,,,93832.37,,0,,,,,,,,,,,,,44.45,64.66,,,93832.37,,,,,,,,,,,,,,,,,0,,,
Bhutan,BTN,AS,2018,30.82,55.89,17.12,110.46,16.02,0.55,0.36,1.65,-0.34,0.06,1.1,68,3,4,,,,,6.3,8,3128.84,3.84,1.95,0,,,61,51,73,74,62,3.06,46.7,,,41.66,41.85,,0.617,3128.84,74.3,7.5,5,5.6,8,,,,,,,,,,,,1.18,46.7,38.6,34.8
Bolivia,BOL,SA,2018,25.99,31.12,17.53,53.85,,-1.15,-0.32,-0.62,-0.91,-0.04,-0.28,29,3,3,3.4,2.3,1.9,3.3,6,5.5,2559.51,4.22,7.79,1.53,1.82,22.9,19,23,59,76,44,6.3,,34.6,30.4,58.67,44.52,1.54,0.703,2559.51,75.2,8,5.4,8.3,5.5,,,,,,,,,,,,0,,16.9,
Bosnia and Herzegovina,BIH,EU,2018,42.12,57.1,19.77,34.27,20.44,-0.23,-0.62,-0.57,-0.21,-0.24,-0.39,38,4,4,2.8,2.1,2,3.3,5.3,7.9,6096.92,3.74,1.19,0,0,31.1,40,28,49,88,61,8.9,53.3,,,68.78,61.04,0.87,0.769,6096.92,71.3,8.7,6,5,7.9,,,,,,,,,,,,0,53.3,,41.5
Botswana,BWA,AF,2018,40.34,39.17,18.2,18.1,19.84,0.47,0.33,0.75,0.45,0.48,0.98,61,3,2,3.6,3.5,3,3.8,5,3.8,8032.68,4.48,1.22,0,0,28.2,58,57,70,84,70,5.85,51.3,,,55.59,55.95,2.68,0.728,8032.68,62,3.3,5.7,7.5,3.8,,,,,,,,,,,,1.07,51.3,,40.9
Brazil,BRA,SA,2018,14.89,14.51,20.08,75.27,14.18,-0.25,-0.45,-0.4,-0.32,0.4,-0.39,35,2,2,3,2.5,3.1,4.4,6.7,3.4,11079.71,1.78,4.64,2.07,0.06,33.4,56,31,59,69,51,9.51,,,42.5,64.49,41.4,1.51,0.761,11079.71,68.7,5.2,4.5,7.7,3.4,,,,,,,,,,,,7.73,,,
Brunei,BRN,AS,2018,51.93,41.96,24.14,2.59,,0.63,1.25,0.8,0.69,-0.84,1.25,63,6,5,4.9,3.6,4.1,4.6,7.4,3.3,31436.87,0.05,25.43,11.69,13.69,32.8,57,45,80,89,64,2.41,,,,62.12,67.11,2.64,0.845,31436.87,59.8,7.4,3.8,7.8,3.3,,,,,,,,,,,,0.01,,22.9,28.7
Bulgaria,BGR,EU,2018,65.82,63.27,16.45,22.3,20.17,-0.03,0.27,-0.15,0.59,0.32,0.46,42,2,2,3.5,3.3,4.2,4.4,3.2,4,8674.72,3.09,0.92,0.01,0.01,42.6,64,38,64,87,68,7.35,,22.6,,79.77,75.21,1.48,0.816,8674.72,51.7,5.3,5.5,4.1,4,,,,,,,,,,,,0,,,
Burkina Faso,BFA,AF,2018,28.13,32.17,16.99,37.65,15.13,-0.45,-0.58,-0.11,-0.37,-0.04,-1.05,41,4,3,2.7,2.7,2.8,3.2,5.9,7.8,800.31,6.82,14.17,0,,18.9,42,32,52,66,60,5.63,38.1,41.4,,52.23,42.18,2.13,0.434,800.31,86.5,7.8,6.6,7.9,7.8,,,,,,,,,,,,0.21,38.1,32.1,31.7
Burma (Myanmar),MMR,AS,2018,30.39,30.3,18.3,38.4,2.63,-1.03,-1.07,-0.59,-0.74,-0.89,-1.26,29,5,5,,,,,9,7.4,1573.15,6.41,6.59,0.17,3.45,,33,28,54,71,54,4.79,,,,43.73,39.22,,0.584,1573.15,96.1,8.3,5.6,7.4,7.4,,,,,,,,,,,,0,,,
Burundi,BDI,AF,2018,9.4,29.81,26.21,47.3,,-1.5,-1.42,-1.45,-0.98,-1.66,-1.56,17,7,6,3,2.1,2.6,2.9,8.9,8.7,210.8,1.61,11.21,0,,,18,26,53,69,51,7.74,,,,40.11,31.39,1.88,0.423,210.8,97.4,7.9,8.1,7,8.7,,,,,,,,,,,,0,,,
Cambodia,KHM,AS,2018,61.6,63.3,4.93,28.64,17.05,-1.11,-0.57,-1.33,-0.5,-1.22,0.11,20,6,5,3.3,2.2,3.6,3.6,7.8,7.1,1202.62,7.53,0.84,0,0,26.7,36,18,31,80,59,6.03,,,,59.29,67.31,2.22,0.581,1202.62,84,8.6,5.5,6.5,7.1,,,,,,,,,,,,2.14,,,
Cameroon,CMR,AF,2018,19.31,23.7,11.11,39.47,12.76,-1.08,-0.8,-1.15,-0.8,-1.12,-1.39,25,6,6,2.8,2.8,3.1,3.2,7.6,7.5,1502.17,4.06,6.2,3.14,0.43,23.8,41,23,44,53,52,3.53,,,,50.51,37.74,1.11,0.563,1502.17,95.3,9.1,6.7,7.5,7.5,,,,,,,,,,,,0.04,,,
Canada,CAN,NA,2018,32.08,34.04,20.95,83.62,12.91,1.76,1.72,1.83,1.71,1.53,0.99,81,1,1,5.2,4.3,5.1,5.4,1.3,0.7,51476.2,2.43,2.47,1.76,0.07,53,88,78,82,88,78,10.79,,,,84.18,70.98,1.33,0.922,51476.2,21.5,2.5,1.8,2.2,0.7,,,,,,,,,,,,0,,35,32.3
Cape Verde,CPV,AF,2018,49.23,68.04,17.8,124.85,,0.45,0.32,0.77,-0.24,1,0.85,57,1,1,3.8,2.4,3,3.2,3.7,8.4,3740,4.53,0.38,0,,,42,43,65,68,60,5.36,,,,56.29,57.75,0.54,0.651,3740,68,5.5,5.5,6.8,8.4,,,,,,,,,,,,0,,,
Central African Republic,CAF,AF,2018,18.88,46.98,14.2,50.03,8.64,-1.69,-1.72,-1.23,-1.37,-1.19,-2.17,26,7,7,,,,,9.4,9.5,379.37,3.82,9.07,0,,,18,25,27,57,49,10.99,,,,37.9,30.95,1.43,0.381,379.37,111.1,9.7,8.8,9.8,9.5,,,,,,,,,,,,7.55,,,
Chad,TCD,AF,2018,36.19,38.01,3.6,49.06,,-1.3,-1.53,-1.41,-1.11,-1.45,-1.47,19,7,6,2.2,2,2.3,2.8,8.8,8,812.02,2.3,23.95,20.15,,,25,23,29,52,49,4.1,47.7,42.3,,41.43,31.58,2.34,0.401,812.02,108.3,9.5,9,9.3,8,,,,,,,,,,,,0.02,47.7,11.7,36.1
Chile,CHL,SA,2018,28.59,28.77,14.51,25.6,18.22,1.09,1.08,1.05,1.34,1.06,0.44,67,1,1,5.2,3,4.8,4.9,3.1,1.8,15111.7,3.72,12,0.01,0.02,37.8,68,61,72,89,75,9.14,38.6,,,76.08,66.66,1.86,0.847,15111.7,40.7,2.2,3.5,5.4,1.8,,,,,,,,,,,,0.34,38.6,5.7,29.4
China,CHN,AS,2018,19.11,18.34,16.54,53.84,9.05,-0.2,0.48,-0.27,-0.19,-1.45,-0.29,39,7,6,4.6,4.5,4.5,4.6,8.5,2.4,7807.06,6.73,1.58,0.43,0.17,53.1,47,47,55,73,58,5.35,51.1,1.7,,64.28,44.95,1.9,0.758,7807.06,72.4,7.2,4.1,7,2.4,,,,,,,,,,,,2.71,51.1,27.8,40
Colombia,COL,SA,2018,15.89,20.67,15.4,51.41,14.82,-0.41,-0.09,-0.29,0.32,0.19,-0.79,36,3,3,3.3,1.8,4,4.4,6.7,5.7,7694.43,2.56,5.51,3.96,0.18,33.8,61,33,79,82,69,7.64,,27,39.7,63.66,48.93,3.07,0.761,7694.43,76.6,7.6,4.5,7.3,5.7,,,,,,,,,,,,0,,,
Comoros,COM,AF,2018,13.25,29.85,10.32,18.58,,-1.08,-1.64,-0.82,-1.11,-0.48,-0.34,27,3,4,,,,,6,7.7,1402.74,3.64,1.39,0,,,37,28,58,75,56,4.59,48.4,,,40.42,34.96,,0.538,1402.74,82.6,8,7.9,7.2,7.7,,,,,,,,,,,,0,48.4,21.7,36.8
Costa Rica,CRC,NA,2018,33.48,33.22,16.9,65.79,13.59,0.48,0.38,0.55,0.49,1.14,0.48,56,1,1,2.7,2.2,3.5,4.5,1.6,4.2,9936.58,2.06,0.82,0,0,35.7,55,52,68,85,66,7.56,31.1,21.1,36.3,71.49,63.94,0,0.794,9936.58,43.2,3.8,4.3,5,4.2,,,,,,,,,,,,0.19,31.1,19.5,23.2
Croatia,HRV,EU,2018,50.2,51.05,19.51,74.3,21.83,0.32,0.46,0.13,0.54,0.5,0.81,48,1,2,5.5,2.7,4.5,4.6,3.3,4.3,15971.15,2.81,0.8,0.34,0.21,40.7,66,41,59,87,61,6.83,34,18.3,,81.19,74.84,1.59,0.837,15971.15,48.7,4.4,5.6,3,4.3,,,,,,,,,,,,0,34,16.1,27.5
Cuba,CUB,NA,2018,,,,,,-0.44,-0.24,0.17,,-1.44,0.66,47,7,6,,,,,7.2,4.8,,,,,,,30,38,20,65,32,,25.9,,,62.12,,2.88,0.778,,62.9,7,4,5.1,4.8,,,,,,,,,,,,0.01,25.9,9.7,22.1
Cyprus,CYP,EU,2018,75.23,73.68,14.69,99.2,24.32,0.75,0.92,0.64,0.87,1.04,0.5,59,1,1,5.2,2,4.2,5.1,3,8.7,31506.92,5.24,0.01,0,0,47.8,71,41,77,87,68,6.77,,14.7,,83.06,85.77,1.78,0.873,31506.92,60.3,7.9,5.7,5.6,8.7,,,,,,,,,,,,0.4,,,
Czechia,CZE,EU,2018,76.97,71.03,19.39,32.06,14.84,1.05,0.92,0.5,1.28,0.93,1.04,59,1,1,3.9,4.7,3.5,5.2,2.2,2.4,23800.97,3.2,0.16,0.01,0.01,48.7,73,51,73,87,74,7.65,28.2,10.1,,84.88,82.69,1.11,0.891,23800.97,39,5.3,4.3,2.4,2.4,,,,,,,,,,,,0.39,28.2,11.9,23.8
Democratic Republic of the Congo,COD,AF,2018,34.34,37.95,6.42,15.3,,-1.78,-1.55,-1.5,-1.47,-1.5,-2.11,20,7,6,2.1,2.1,2.7,2.9,9.8,9.7,418.99,5.82,25.52,0.63,0,,24,27,60,65,52,3.3,,,,44.54,33.69,0.6,0.459,418.99,110.7,9.8,8.1,8.5,9.7,,,,,,,,,,,,0,,,
Denmark,DNK,EU,2018,56.29,50.42,24.26,33.9,32.17,1.83,1.87,2.15,1.64,1.61,0.95,88,1,1,5.5,4.3,5.7,5.8,1.2,0.7,64271.88,2.18,0.62,0.48,0.13,58.4,85,84,93,87,77,10.07,,12.5,,87.96,84.35,1.29,0.93,64271.88,19.8,1.4,1.7,1.3,0.7,,,,,,,,,,,,0,,,
Djibouti,DJI,AF,2018,149.18,139.04,20.65,46.51,,-0.92,-0.9,-0.72,-0.7,-1.35,-0.13,31,6,5,,,,,7.7,8.7,,8.5,0.26,0,,,19,29,52,55,45,2.32,45.2,,,57.02,66.71,,0.495,,87.1,7.3,6.7,7.9,8.7,,,,,,,,,,,,0,45.2,,34.9
Dominica,DMA,NA,2018,29.55,78.58,,74.46,,0.67,-0.29,0.55,0.08,0.82,1.1,57,1,1,,,,,,,6696.54,0.53,0.03,0,,,49,50,72,63,65,6.59,46,,,54.08,56.8,,0.745,6696.54,,,,,,,,,,,,,,,,,4.33,46,23.3,34.9
Dominican Republic,DOM,NA,2018,23.55,28.5,10.86,47.9,13.02,-0.38,-0.4,-0.76,-0.07,0.14,0.03,30,3,3,4.4,3.2,4.6,4.7,5.6,5.1,7697.72,6.98,1.45,0,0,29.3,52,26,53,72,62,5.73,31.8,22.8,35.2,65.31,51.49,0.73,,7697.72,69.2,6.2,5.2,5.6,5.1,,,,,,,,,,,,2.96,31.8,27.8,27.8
Ecuador,ECU,SA,2018,22.6,23.76,14.72,45.2,,-0.64,-0.26,-0.57,-0.87,0.02,-0.08,34,3,3,5,2.4,4.4,4.7,4.5,6,5180.6,1.29,7.71,7.25,0.02,26.8,37,30,56,69,49,8.14,40.6,23.2,34.4,60.05,39.02,2.35,0.758,5180.6,74.2,8.2,6,6.7,6,,,,,,,,,,,,0,40.6,34.9,31.8
Egypt,EGY,AF,2018,18.91,29.37,8.35,92.48,,-0.41,-0.58,-0.57,-0.86,-1.31,-1.17,35,6,6,4.5,3.6,4.6,5.1,9.9,7.6,2908.58,5.31,6.91,5.28,1.2,27.2,33,32,72,71,53,4.95,,,,68.34,51.02,1.25,0.7,2908.58,88.7,8.8,7.9,5.7,7.6,,,,,,,,,,,,13.47,,,
El Salvador,SLV,NA,2018,28.78,48.39,15.92,72.65,18.06,-0.83,-0.45,-0.6,0.04,0.04,-0.38,35,2,3,4,1.8,3.1,4.1,6,5.6,3507.06,2.43,0.6,0,0,25.1,37,25,58,86,63,7.11,32.7,26.3,29.4,65.04,57.83,1.14,0.667,3507.06,71.2,4.3,5.3,6.1,5.6,,,,,,,,,,,,0.28,32.7,21.7,24.4
Equatorial Guinea,GNQ,AF,2018,58.81,45.7,22.97,40.15,6.08,-1.41,-1.29,-1.56,-1.54,-1.86,-0.08,16,7,7,,,,,8.9,4.7,10134.63,-6.36,33.73,25.13,7.07,,30,26,46,54,42,3,39.1,,,46.11,63.63,1.07,0.588,10134.63,83.4,8.2,6.2,8.4,4.7,,,,,,,,,,,,0,39.1,23.5,28.5
Eritrea,ERI,AF,2018,,,,185.61,,-1.59,-1.73,-1.32,-2.21,-2.17,-0.6,24,7,7,,,,,8.7,7.4,,13.03,,,,,36,23,57,69,42,4.09,,,,30.99,38.19,,0.434,,97.2,8.1,7.8,8.1,7.4,,,,,,,,,,,,0.02,,,
Estonia,EST,EU,2018,74.12,71.54,19.67,8.2,20.95,1.24,1.19,1.51,1.55,1.21,0.59,73,1,1,4.7,4.7,5.6,4.6,1.9,4,19932.86,4.36,1.21,0.35,0,50.5,80,76,76,87,79,6.69,,21.7,,82.91,85.62,1.97,0.882,19932.86,43,5.9,3.4,2.9,4,,,,,,,,,,,,0,,,
Ethiopia,ETH,AF,2018,8.37,22.83,10.25,49.7,7.52,-0.43,-0.61,-0.49,-0.97,-1.15,-1.27,34,7,6,3.3,2.9,2.8,4,8.7,8.4,570.65,7.7,6.16,0,0,,31,38,40,61,53,3.3,,,,45.47,31.07,0.64,0.47,570.65,99.6,8.4,6.7,6.8,8.4,,,,,,,,,,,,0,,,
Euro area,XC,EU,2018,46,42.38,20.55,85.7,19.35,,,,,,,,,,,,,,,,40922.95,,0.12,0.02,0.04,,,,,,,10.14,27.1,,,,,1.34,,40922.95,,,,,,,,,,,,,,,,,0,27.1,11.6,22.4
Faroe Islands,FRO,EU,2018,51.54,50.33,28.84,,,,,,,,,,,,,,,,,,,,0,,,,,,,,,,32.7,,,42.36,,,,,,,,,,,,,,,,,,,,,0.01,32.7,13.6,26.6
Fiji,FJI,OC,2018,47.91,55.52,19.77,49.8,23.99,-0.13,0.26,0.38,-0.22,0.22,0.88,,3,3,,,,,6.6,6.9,4794.68,3.81,1.47,0,,,68,35,63,69,62,3.42,,,,57.24,52.11,1.65,0.724,4794.68,74.5,7.9,6.2,6,6.9,,,,,,,,,,,,9.97,,,
Finland,FIN,EU,2018,38.52,39.59,22.85,59.7,20.84,2.05,1.98,2.21,1.79,1.61,0.92,85,1,1,5.3,5.5,6.2,6.2,0.7,1,48880.18,1.31,0.67,0,0,59.6,89,90,90,87,74,9.04,35.9,11.6,,87.7,83.09,1.37,0.925,48880.18,17.9,1.4,3.2,0.7,1,,,,,,,,,,,,0,35.9,48.6,28.7
France,FRA,EU,2018,31.72,32.76,23.28,98,24.2,1.44,1.48,1.32,1.16,1.18,0.04,72,1,2,6,5.1,5,5.5,1.9,1.8,43720.03,1.87,0.04,0.01,0,54.4,84,65,80,82,64,11.26,36.5,,,87.69,79.21,1.85,0.891,43720.03,32.2,1.9,4,2.9,1.8,,,,,,,,,,,,0.11,36.5,21.6,27.8
Gabon,GAB,AF,2018,50.54,21.51,10.57,60.91,10.22,-0.71,-0.81,-0.86,-0.92,-0.95,-0.25,31,7,5,,,,,7.5,5.4,9051.28,0.84,23.42,20.35,0.31,,30,33,49,61,58,2.75,31.7,,,53.47,40.39,1.55,0.702,9051.28,72.5,7.9,5.8,6.2,5.4,,,,,,,,,,,,0.01,31.7,16.5,24.8
Gambia,GMB,AF,2018,21.73,41.38,6.82,84.61,,-0.43,-0.62,-0.46,-0.63,-0.2,-0.07,37,,,3.8,2.3,4.2,4.5,8.9,6.7,791.45,7.24,2.47,0,,,34,37,54,65,52,3.09,,,,53.44,50.88,0.71,0.466,791.45,87.1,7.7,8.7,6.6,6.7,,,,,,,,,,,,1.42,,,
Georgia,GEO,AS,2018,50.56,61.2,13.21,39.9,21.74,0.33,0.61,0.71,1.13,0.25,-0.43,58,3,3,3.8,3.9,3.8,4.4,5.3,7.3,4734.38,4.84,0.77,0.2,0.01,35,63,62,87,89,76,7.11,36,20.1,27.5,71.58,81.03,2.02,0.786,4734.38,74,9.1,5.8,5.2,7.3,,,,,,,,,,,,0,36,21.2,26.2
Germany,DEU,EU,2018,47.37,41.22,19.97,61.8,11.49,1.63,1.62,1.95,1.76,1.42,0.6,80,1,1,5.5,5.5,5.3,5.6,0.8,0.7,47313.85,1.27,0.08,0.02,0.02,58,81,75,86,87,74,11.43,,,,88.83,80.6,1.18,0.939,47313.85,25.8,2.6,1.9,2.7,0.7,,,,,,,,,,,,0,,,
Ghana,GHA,AF,2018,35.26,36.41,9.01,63.23,12.57,0.07,-0.21,-0.12,-0.09,0.58,-0.02,41,1,2,3.5,1.9,3,3.8,5,6.6,1808.33,6.26,14.08,4.62,0.29,24.5,49,33,60,65,56,3.54,,,,61.13,50.23,0.42,0.596,1808.33,68.1,4.9,6,6.3,6.6,,,,,,,,,,,,0.13,,,
Greece,GRC,EU,2018,36.13,36.39,19.14,186.2,26.19,0.15,0.34,-0.07,0.41,0.86,0.17,45,2,2,4.7,3,4.6,5.2,3.2,5.8,23546.64,1.56,0.16,0.03,0,38.9,52,38,74,82,57,7.72,,17.9,,82.89,73.8,2.64,0.872,23546.64,55.3,4.1,6.2,3.4,5.8,,,,,,,,,,,,0,,,
Grenada,GRD,NA,2018,53.21,58.56,,66.27,,0.23,-0.25,0.38,-0.29,0.52,0.99,52,1,2,,,,,3,7.4,9091.76,4.14,0,0,,,,,,,,4.46,,,,52.38,56.38,,0.763,9091.76,59.9,5.6,5.8,4.6,7.4,,,,,,,,,,,,0,,,
Guatemala,GTM,NA,2018,18.22,28.94,11.01,25.94,10.59,-1.04,-0.68,-0.82,-0.19,-0.34,-0.53,27,4,4,2.6,1.1,3.8,4.1,7.1,4.9,3338.55,3.22,1.68,0.2,0.01,25.5,40,27,57,87,63,5.71,,,,61.65,49.8,0.35,0.651,3338.55,81.8,7.1,5.4,7.8,4.9,,,,,,,,,,,,0,,,
Guinea,GIN,AF,2018,37.6,53.02,16.27,38.29,,-1.21,-0.97,-1.04,-0.78,-0.75,-0.87,28,5,5,2.2,2,3.2,3.8,7.4,7.1,897.12,6.18,14.49,0,,20.7,32,27,54,61,52,3.93,,43.7,,48.34,34.84,2.32,0.466,897.12,101.6,9.6,8.9,7.6,7.1,,,,,,,,,,,,0,,,
Guinea-Bissau,GNB,AF,2018,25.34,32.46,9.69,59.23,,-1.23,-1.49,-1.53,-1.2,-0.67,-0.68,16,5,5,,,,,7.5,8.3,622.69,3.36,9.24,0,,,31,27,48,65,57,7,49.6,,,39.33,36.19,,0.461,622.69,98.1,9.6,8,8.9,8.3,,,,,,,,,,,,0,49.6,52.2,37
Guyana,GUY,SA,2018,,,,43.1,,-0.37,-0.27,-0.23,-0.54,0.24,-0.18,37,2,3,,,,,3.4,7,5825.04,4.44,19.69,0,,,42,35,60,72,59,5.94,,,,53.8,55.4,1.6,0.67,5825.04,70.4,5.1,6.1,5.4,7,,,,,,,,,,,,0,,,
Haiti,HTI,NA,2018,11.08,35.3,8.49,25.55,,-1.05,-1.91,-1.28,-1.26,-0.74,-0.63,20,5,5,2,1.7,2.4,2.9,7.4,9.9,1282.24,1.67,0.68,0,0,,25,25,48,72,56,7.69,30.4,,,44.51,44.11,0,0.503,1282.24,102,9.6,8.4,9.5,9.9,,,,,,,,,,,,0.08,30.4,14.5,23.8
Honduras,HND,NA,2018,41.76,60.8,13.6,43.69,,-1.03,-0.62,-0.62,-0.44,-0.51,-0.52,29,4,4,4.1,1.3,4.4,4.3,6.8,7.2,2219.44,3.7,1.41,0,0,24.9,44,28,59,84,61,7.05,,48.3,39.1,60.49,54.91,1.62,0.623,2219.44,77.3,6.8,6.4,7.4,7.2,,,,,,,,,,,,0,,8.8,22.5
Hong Kong,HKG,AS,2018,188.36,188.57,9.93,0.05,,1.77,1.9,1.68,2.23,0.47,0.79,76,5,2,6.1,6.4,6.2,6.5,,,38698.99,2.85,0,0,0,54.6,93,83,96,90,90,,,,,67.08,84.67,,0.939,38698.99,,,,,,,,,,,,,,,,,0.35,,,
Hungary,HUN,EU,2018,83.89,79.49,19.65,69.1,22.56,0.55,0.49,0.05,0.58,0.32,0.75,46,3,2,3.9,3.8,3.3,4.1,5.2,3.9,16793.38,5.41,0.38,0.15,0.12,44.9,58,36,62,87,67,6.7,39.7,12.3,,83.83,81.98,1.15,0.845,16793.38,50.2,5.3,5.1,3.5,3.9,,,,,,,,,,,,0.8,39.7,11.2,32.4
Iceland,ISL,EU,2018,47.52,44.5,24.02,35.9,23.44,1.72,1.47,1.84,1.42,1.41,1.41,76,1,1,4.1,4.3,5.5,5.5,0.8,3.9,51592.66,4.72,0,0,0,51.2,87,77,90,89,77,8.47,39.5,,,71.91,69.4,0,0.938,51592.66,20.3,1.8,3.2,0.9,3.9,,,,,,,,,,,,12.84,39.5,,30.6
India,IND,AS,2018,19.85,23.55,11.09,68.1,11.97,0.03,0.28,-0.19,-0.23,0.38,-0.98,41,2,3,4.4,4.5,4.6,4.8,5.8,5.2,2086.45,6.53,2.27,0.45,0.05,35.2,55,47,56,72,55,3.54,,,,62.23,42.91,2.38,0.647,2086.45,76.3,7.3,5,6.7,5.2,,,,,,,,,,,,34.79,,,
Indonesia,IDN,AS,2018,20.97,22.03,9.01,29.8,10.23,-0.32,0.18,-0.25,-0.14,0.18,-0.54,38,2,4,3.9,4.7,4.2,5,7.3,4.9,4284.69,5.17,4.78,1.17,1.04,29.8,49,43,57,81,64,2.87,31.8,9.8,29.3,63.22,49.66,0.73,0.707,4284.69,72.3,7,4.8,5.5,4.9,,,,,,,,,,,,0,31.8,16.8,25.4
Iran,IRN,AS,2018,33.23,31.82,12.25,38.47,,-0.69,-0.43,-0.96,-1.38,-1.32,-1.34,28,6,6,3.9,3.8,3.9,3.3,9.2,6.2,6440.07,-6.03,16.11,,,33.4,33,33,64,55,51,8.66,,,,53.79,25.64,2.46,0.797,6440.07,84.3,9.6,6.4,5.6,6.2,,,,,,,,,,,,0,,,
Iraq,IRQ,AS,2018,43.98,35.95,21.59,,2.01,-1.76,-1.32,-1.4,-1.16,-0.99,-2.52,18,5,6,,,,,8.4,9.4,5475.47,0.83,45.7,45.39,0.3,,37,23,59,,,4.11,35.4,,,46.73,45,2.87,0.689,5475.47,102.2,9.6,6.3,7,9.4,,,,,,,,,,,,0.05,35.4,20.6,25.8
Ireland,IRL,EU,2018,122.33,89.18,11.9,63,18.24,1.46,1.42,1.55,1.63,1.32,1.03,73,1,1,4.5,3.9,5,5.4,1.7,1.1,76662.67,8.95,0.13,0,0.09,57.2,88,79,82,87,80,6.93,41.5,,,85.54,87.81,0.29,0.942,76662.67,20.7,1.5,3.1,1.9,1.1,,,,,,,,,,,,0.4,41.5,44.4,31.9
Israel,ISR,AS,2018,29.79,29.15,22.86,60.88,23.07,0.99,1.21,0.79,1.25,0.65,-0.9,61,1,3,5,4.1,4.6,5.4,7.2,7.8,34749.68,3.48,0.18,0,0.15,56.8,78,61,72,86,72,7.52,,,,76.88,70.86,5.34,0.906,34749.68,78.5,8.1,4.1,6.5,7.8,,,,,,,,,,,,0,,,
Italy,ITA,EU,2018,31.37,28.98,18.89,134.4,24.24,0.25,0.41,0.24,0.73,1.05,0.35,52,1,1,4.4,3.9,4.5,4.8,1.7,2.5,35485.11,0.94,0.1,0.07,0.02,46.3,71,40,70,87,63,8.67,,,,82.82,71.01,1.34,0.883,35485.11,43.8,4.9,5.1,2.6,2.5,,,,,,,,,,,,0,,,
Ivory Coast,CIV,AF,2018,22.64,23.43,10.24,40.1,11.77,-0.58,-0.57,-0.5,-0.2,-0.23,-0.89,35,4,4,3.3,2.6,3.9,4.5,7.6,8.7,1667.94,6.89,2.64,1.07,0.43,20,39,37,62,74,62,4.19,,39.5,,53.45,42.81,1.33,0.516,1667.94,94.6,9.1,6.8,7.7,8.7,,,,,,,,,,,,0,,,
Jamaica,JAM,NA,2018,37.96,51.07,13.47,94.39,26.81,-0.23,0.5,-0.18,0.2,0.61,0.44,44,2,3,3.9,2.7,4.5,5.2,5.8,5.5,4855.26,1.83,1.32,0,0,30.4,61,39,79,71,69,6.06,26.8,,,62.2,61.4,1.35,0.726,4855.26,63.1,3.7,6.7,4.8,5.5,,,,,,,,,,,,6.74,26.8,2.7,22.6
Japan,JPN,AS,2018,18.52,18.29,19.8,224.57,,1.53,1.68,1.42,1.34,1.02,1.06,73,1,1,6,6.6,5.6,6.1,3.1,3.5,48766.13,0.56,0.03,0,0.01,55,86,79,82,82,72,10.95,40.8,,,78.4,67.72,0.94,0.915,48766.13,34.5,2.6,3.8,1.3,3.5,,,,,,,,,,,,0,40.8,36.1,31.6
Jordan,JOR,AS,2018,35.15,53.38,15.31,94.4,14.88,0.23,0.11,0.15,0.03,-0.7,-0.41,49,5,5,3.9,2.4,4.2,5.2,7.7,7.1,3309.75,1.93,0.64,0,0.01,30.8,58,52,63,82,65,7.79,,15.7,,73.4,69.31,4.71,0.723,3309.75,76.8,6.9,6.7,5.1,7.1,,,,,,,,,,,,0,,,
Kazakhstan,KAZ,AS,2018,37.63,25.9,8.32,20.26,11.72,-0.43,0.02,-0.5,0.13,-1.17,-0.03,31,7,5,3.2,4.3,3.5,4.4,7,3.9,11165.54,4.1,22.4,15.56,1.66,31.4,56,45,74,76,69,2.92,,,,64.14,52.96,0.93,0.817,11165.54,63.4,7.6,5.9,3.9,3.9,,,,,,,,,,,,37.23,,,
Kenya,KEN,AF,2018,13.17,22.98,13.1,59.1,15.09,-0.41,-0.41,-0.85,-0.22,-0.36,-1.17,27,4,4,4.2,3.7,4.3,5,7.3,7.8,1201.47,6.32,1.31,0.01,0,31.1,48,28,56,70,55,5.17,29,,,55.79,41.15,1.26,0.579,1201.47,97.4,9.6,7,7.6,7.8,,,,,,,,,,,,0.12,29,32.1,24.8
Kiribati,KIR,OC,2018,9.63,88.76,73.88,,21.26,0.49,-0.28,0.34,-0.77,1.15,1.03,,1,1,,,,,,,1777.71,3.78,0.04,0,,,45,38,53,58,51,12.11,,,,45.77,68.58,,0.623,1777.71,,,,,,,,,,,,,,,,,0,,,
Kuwait,KWT,AS,2018,56.72,43.77,22.66,14.84,,0.21,-0.09,-0.29,0.03,-0.59,0.11,41,5,5,4.2,2.5,3.7,3.8,7.6,4.5,33112.19,1.25,43.09,42.46,0.64,34.4,52,37,57,79,62,5,34.2,,,71.86,73.01,5.13,0.808,33112.19,55.9,7.5,2.7,3.9,4.5,,,,,,,,,,,,0,34.2,21.8,26.2
Kyrgyzstan,KGZ,AS,2018,31.6,67.27,17.17,54.82,18,-0.91,-0.61,-0.95,-0.35,-0.37,-0.58,29,5,5,2.8,2.7,1.4,3,7.2,6.7,1090.87,3.46,11.55,0.14,0,27.6,50,29,73,75,63,6.53,,22.4,23.6,62.32,59.18,1.6,0.674,1090.87,78.6,8,6.7,5.6,6.7,,,,,,,,,,,,0,,,
Laos,LAO,AS,2018,,,,59.65,,-0.84,-0.67,-0.98,-0.78,-1.74,0.42,29,7,6,3.2,2.3,2.7,3.9,7.6,5.8,1785.58,6.29,6.73,0,,,34,33,65,57,54,2.25,,18.3,,45.37,49.57,,0.604,1785.58,80.7,8.3,5.5,6.2,5.8,,,,,,,,,,,,0,,,
Latvia,LVA,EU,2018,61.42,62.21,18.01,37.1,22.82,0.96,1.04,0.33,1.14,0.81,0.42,58,2,2,3.5,4.5,4.8,5.5,2.8,3.6,16263.23,4.02,0.85,0,0,43.2,68,45,80,87,74,6.19,,22.9,,79.77,81.54,2.08,0.854,16263.23,44.9,4.3,3.8,3.8,3.6,,,,,,,,,,,,0,,,
Lebanon,LBN,AS,2018,20.72,47.43,15.32,151,15.31,-0.76,-0.64,-1.11,-0.44,-0.5,-1.62,28,6,4,2.6,1.7,3.2,4,7.3,9.4,6214.36,-1.93,0,0,0,28.2,40,20,49,85,53,8.35,,,,67.68,68.63,4.85,0.73,6214.36,86.8,9.6,6.1,5.5,9.4,,,,,,,,,,,,25.99,,,
Lesotho,LSO,AF,2018,49.73,93.32,38.71,46.5,31.57,-0.34,-0.86,-0.1,-0.5,0.03,-0.17,41,3,3,2.4,1,,1.2,4.9,7.5,1374.65,-1.02,3.34,0,,,49,33,53,69,54,9.28,,,,48.99,55.99,1.76,0.518,1374.65,80.1,7.3,8.4,7.8,7.5,,,,,,,,,,,,,,,
Liberia,LBR,AF,2018,26.01,94.33,16.61,39.71,,-0.99,-1.34,-0.85,-0.96,-0.04,-0.25,32,3,3,2.8,1.3,2.7,3.3,6.2,9,541.27,1.24,21.56,0,,,28,32,53,73,51,6.74,37.4,,,47.73,43.25,0.42,0.465,541.27,92.6,8.6,8,8.1,9,,,,,,,,,,,,0.03,37.4,21.9,28.6
Libya,LBY,AF,2018,56.95,35.82,,,,-1.79,-1.85,-1.55,-2.28,-1.52,-2.43,17,7,6,,,,,9.4,10,8038.58,17.88,43.44,42.43,0.96,,5,23,64,80,,,33.8,,,55.28,55.05,,0.708,8038.58,94.6,9.4,8,5.3,10,,,,,,,,,,,,0,33.8,16.5,25.4
Liechtenstein,LIE,EU,2018,,,,0.5,,1.68,1.74,2.01,1.53,1.32,1.48,,2,1,,,,,,,,,0,,,,,,,90,,,,,,54.21,,,0.917,,,,,,,,,,,,,,,,,,0,,,
Lithuania,LTU,EU,2018,75.25,73.39,16.36,11.5,16.77,0.96,1.07,0.5,1.1,0.92,0.75,59,1,1,4.7,4.5,4.6,4.6,2.2,4.3,17742.26,3.94,0.34,0.03,0,,74,51,73,87,75,6.57,,20.6,,81.15,79.54,1.98,0.869,17742.26,39.4,3,4.2,4.2,4.3,,,,,,,,,,,,0.07,,,
Luxembourg,LUX,EU,2018,211.56,175.54,16.66,21,26.79,1.81,1.78,2.09,1.76,1.57,1.37,81,1,1,5.3,4.9,4.4,5.5,1,0.8,110701.88,3.11,0.01,0,0,54.5,83,79,69,87,76,5.29,,,,82.82,87.36,0.57,0.909,110701.88,20.8,3.4,1.3,1.3,0.8,,,,,,,,,,,,0,,,
Macao,MAC,AS,2018,82.79,33.21,9.46,,29.49,1.01,1.2,0.72,1.61,-0.05,1.26,,,,,,,,,,58641.63,6.47,0,0,,,60,36,60,90,71,,41,,,51.79,62.07,,,58641.63,,,,,,,,,,,,,,,,,1.88,41,7.6,31.3
Madagascar,MDG,AF,2018,28.68,33.82,14.33,39.77,10.22,-0.81,-1.15,-1,-0.73,-0.3,-0.57,25,3,4,,,,,5.8,6.5,490.1,3.19,6.09,0.14,,24.8,33,18,46,78,57,4.79,,,,48.85,48.84,0.6,0.521,490.1,83.6,7.8,7.6,9.1,6.5,,,,,,,,,,,,0,,,
Malawi,MWI,AF,2018,30.88,38.1,15.11,59.68,17.39,-0.38,-0.73,-0.74,-0.68,-0.06,-0.42,32,3,3,2.9,2.1,2.2,3.4,6.2,7.7,515.11,3.17,6.22,0,,23.1,33,29,48,72,52,9.33,,,,48.58,42.84,0.85,0.485,515.11,85.5,8.1,8.1,8,7.7,,,,,,,,,,,,0,,47.2,
Malaysia,MYS,AS,2018,68.57,61.86,11.95,51.2,12.03,0.62,1.08,0.31,0.7,-0.08,0.26,47,4,4,5.5,5.2,5.3,5.6,7.7,3.5,12131.49,4.77,7.54,2.93,2.99,43,84,55,84,87,75,3.76,29.4,5.6,,81.55,76.38,0.98,0.804,12131.49,63.6,6.8,3.4,4.7,3.5,,,,,,,,,,,,0,29.4,16.5,23.6
Maldives,MDV,AS,2018,70.13,83.74,14.79,73,,-0.55,-0.49,-0.89,-0.48,-0.66,0.1,31,5,5,,,,,8,6.2,8157.41,8.13,0,0,,,45,37,79,48,51,9.41,,,,51.72,64.59,,0.719,8157.41,72.4,8.3,5.6,3.3,6.2,,,,,,,,,,,,0.55,,,
Mali,MLI,AF,2018,24.52,35.62,15.88,36.11,11.67,-0.8,-1,-0.7,-0.56,-0.31,-2.08,32,5,4,3.4,2.1,2.3,3.8,7.3,9.5,778.73,4.75,10.21,0,,23.3,32,31,53,69,58,3.88,,43.8,,48.6,38.27,2.81,0.427,778.73,93.6,5.4,7.6,7.3,9.5,,,,,,,,,,,,0,,,
Malta,MLT,EU,2018,142.77,127.18,16.14,44.8,25.97,1.05,0.97,0.58,1.34,1.12,1.29,54,1,1,3.2,4.4,4.7,5.4,3,3,28644.06,5.18,0,0,0,50.3,68,50,64,87,69,8.96,,17.1,,77.28,86.15,0.46,0.885,28644.06,36.2,2,4,2.3,3,,,,,,,,,,,,1.6,,,
Mauritania,MRT,AF,2018,39.27,57.29,13.27,61.39,,-0.69,-0.73,-0.81,-0.81,-0.85,-0.62,27,6,5,2,2.1,2.3,2.3,7.8,7.7,1703.86,2.12,16.18,0,,,24,29,64,62,54,4.58,,,,50.57,41.4,3.03,0.527,1703.86,92.2,8.8,7.4,6.5,7.7,,,,,,,,,,,,0,,,
Mauritius,MUS,AF,2018,40.96,54.02,15.31,63.4,19.12,0.78,0.88,0.27,1.02,0.76,0.88,51,1,2,4.5,4.2,4.2,4.8,3.7,4.4,10577.18,3.76,0,0,0,31.3,69,52,78,89,75,5.83,27,,,72.27,82.65,0.16,0.796,10577.18,40.5,3.2,4.3,3.2,4.4,,,,,,,,,,,,0.01,27,25.4,22.5
Mexico,MEX,NA,2018,39.26,41.3,11.57,35.4,13.07,-0.64,-0.15,-0.85,0.16,0.01,-0.57,28,3,3,4.5,3.1,4.3,4.5,6.2,5.2,10385.83,2.2,3.47,2.36,0.14,35.3,59,27,68,88,65,5.37,,41.9,36.4,71.68,60,0.48,0.767,10385.83,71.5,5.4,4.7,5.8,5.2,,,,,,,,,,,,,,,
Micronesia,FSM,OC,2018,35.47,65.38,,18.76,25.2,-0.02,-0.15,0.69,-0.96,1.15,1.34,,1,1,,,,,3.6,9.8,2728.62,0.21,0.02,0,,,5,39,58,86,52,12.59,,,,45.57,70.49,,0.614,2728.62,74.4,5.6,8.5,8,9.8,,,,,,,,,,,,1.71,,,
Moldova,MDA,EU,2018,30.14,55.73,15.19,27,17.69,-0.41,-0.47,-0.73,-0.03,-0.09,-0.4,33,3,3,2.4,3.1,2.5,4.4,4.6,7.1,3527.37,4,0.27,0.01,0,37.6,54,27,66,78,58,6.6,,23,22,68.34,63.99,0.33,0.711,3527.37,69.5,8.3,6.1,4.5,7.1,,,,,,,,,,,,0,,24,27.7
Monaco,MCO,EU,2018,,,,,,,,,,0.66,1.61,,3,1,,,,,,,196061.42,,0,,,,,,,,,1.6,,,,49.94,,,,196061.42,,,,,,,,,,,,,,,,,0.01,,,
Mongolia,MNG,AS,2018,58.47,64.03,11.67,,16.78,-0.27,-0.23,-0.43,0.03,0.26,0.84,37,1,2,3.1,3.3,1.6,3.6,4.4,7,4210.86,7.25,40.07,2.43,0,35.9,51,35,67,76,56,3.79,,28.4,25.7,64.54,62.66,0.74,0.735,4210.86,54.9,5.5,4.9,6.1,7,,,,,,,,,,,,0.05,,,
Montenegro,MNE,EU,2018,42.88,66.73,18.5,65.1,,0.1,0.13,0.02,0.36,0.08,0.05,45,3,3,3.8,3,4.1,4.4,3.9,6.8,8253.14,5.08,1.62,0,0,36.5,54,38,73,85,64,8.42,59.1,,,70.85,77.88,1.43,0.816,8253.14,55.3,6.5,5.5,2.1,6.8,,,,,,,,,,,,0,59.1,17.4,47.3
Morocco,MAR,AF,2018,38.78,49.2,19.01,65.29,21.87,-0.14,-0.21,-0.22,-0.29,-0.66,-0.34,43,5,5,4.5,3.7,4.9,5,6.5,5.7,3361.22,3.15,1.59,0.01,0,31.1,54,41,70,79,62,5.31,,,,70.53,59.48,3.13,0.676,3361.22,74,6.6,5.1,5.9,5.7,,,,,,,,,,,,0,,,
Mozambique,MOZ,AF,2018,44.87,82.33,21.84,105.33,21.44,-1.04,-0.87,-0.78,-0.75,-0.47,-0.81,23,4,4,2.4,2.5,2.9,2.7,5.3,7.7,592.51,3.44,15.76,0.1,4.42,23.1,35,28,58,77,46,8.17,28.2,,,51.47,62.8,1.17,0.446,592.51,88.7,6.6,8.3,9.1,7.7,,,,,,,,,,,,0.03,28.2,12.7,23
Namibia,NAM,AF,2018,36.34,46.4,25.84,48.6,29.26,0.24,0.11,0.34,-0.08,0.49,0.7,53,2,2,5.1,2.9,4.6,4.9,3.5,6.1,5942.38,1.1,4.66,0,0,28,57,45,68,83,59,7.95,,,,58.78,53.89,3.22,0.645,5942.38,68.8,3.5,7.1,7.9,6.1,,,,,,,,,,,,0.2,,,
Nepal,NPL,AS,2018,8.91,46.18,11.63,30.2,21.66,-0.48,-0.9,-0.67,-0.74,-0.13,-0.6,31,3,4,2.6,1.3,1.8,3,7.4,6.8,817.78,7.62,0.46,0,0,24.2,38,25,65,67,54,5.84,,,,48.04,32.48,1.56,0.579,817.78,87.9,8.8,6.1,6.4,6.8,,,,,,,,,,,,0,,,
Netherlands,NLD,EU,2018,84.68,74.14,24.37,52.4,23.06,1.82,1.85,2.01,2.02,1.6,0.86,82,1,1,6.2,5.5,6.3,6.3,1,1.2,54894.13,2.36,0.41,0.03,0.38,63.3,88,86,81,87,76,9.97,,13.2,,90.68,89.58,1.22,0.934,54894.13,26.2,3.4,2.4,1.9,1.2,,,,,,,,,,,,0.97,,,
New Zealand,NZL,OC,2018,27.98,27.96,18.48,30.44,28,1.88,1.67,2.18,2.01,1.62,1.54,87,1,1,4.7,3.9,5.1,5.5,0.8,0.9,38522.25,3.42,1.32,0.2,0.34,51.3,95,96,92,87,84,9.21,,,,77.22,67.44,1.29,0.921,38522.25,20.9,1.4,3.3,2,0.9,,,,,,,,,,,,2.99,,,
Nicaragua,NIC,NA,2018,42.15,51.47,15.21,52.93,15.65,-1.06,-0.8,-1.09,-0.71,-1.08,-0.94,25,5,4,4.2,2,3.2,3.7,4.9,7.4,1857.05,-3.95,2.82,0,0,,30,24,60,81,59,8.56,35.6,,,59.95,62.13,0.62,0.651,1857.05,75.3,7.1,5.6,7.7,7.4,,,,,,,,,,,,0,35.6,21.9,24.8
Niger,NER,AF,2018,11.29,26.22,16.86,36.91,,-0.58,-0.77,-0.58,-0.64,-0.58,-1.35,34,4,4,,,,,6.8,7.8,552.32,7.2,6.06,1.38,0,20.6,37,30,46,62,50,7.33,27.5,40.8,,45.56,37.2,2.45,0.377,552.32,96.2,8.9,7.3,8.2,7.8,,,,,,,,,,,,3.14,27.5,12.2,22.3
Nigeria,NGA,AF,2018,15.5,17.51,5.6,19.09,,-0.88,-1.02,-1.05,-0.8,-0.41,-2.09,27,3,5,2.4,1.7,2.5,3.1,8.6,6.2,2383.42,1.92,11.48,9.03,1.42,22.4,38,14,49,66,59,3.89,,40.1,26.7,55.73,45.04,0.51,0.534,2383.42,99.9,9.6,8,8.3,6.2,,,,,,,,,,,,21.4,,,
North Korea,PRK,AS,2018,,,,,,-1.63,-1.57,-1.57,-2.36,-2.2,-0.34,14,7,7,,,,,9.4,9.9,,,,,,,30,25,5,,6,,33.5,,,,,,,,93.2,8.8,8.9,7.5,9.9,,,,,,,,,,,,0.31,33.5,24.3,28.9
North Macedonia,MKD,EU,2018,60.38,72.84,14.28,40.44,17.57,-0.28,0.09,-0.36,0.53,-0.01,-0.2,37,4,3,3.4,2,2.2,4.3,3.5,6.3,5452.02,2.88,1.52,0,,29.9,65,47,83,88,71,6.58,,,,69.83,70.26,0.94,0.759,5452.02,64.8,7.3,6.1,4.9,6.3,,,,,,,,,,,,,,,
Norway,NOR,EU,2018,38.44,32.63,23.42,39.1,23.58,1.96,1.89,2.09,1.79,1.73,1.15,84,1,1,4.5,4.5,5.1,5.6,0.9,1.1,92119.52,1.12,7.98,5.24,2.69,52.6,86,94,90,88,74,10.05,,,,85.47,77.31,1.63,0.954,92119.52,18.3,1.1,2,1,1.1,,,,,,,,,,,,0,,,
Oman,OMN,AS,2018,58.05,44.24,24.72,47.5,,0.46,0.19,0.25,0.17,-1.03,0.66,52,6,5,6,4.1,5.3,5.4,7.8,2.6,15796.73,0.92,29.2,26.86,2.33,32.8,60,52,76,86,61,4.13,50.8,,,63.73,69.21,9.52,0.834,15796.73,52.6,6.6,4.6,4.5,2.6,,,,,,,,,,,,0,50.8,23,39
Pakistan,PAK,AS,2018,8.97,20.07,11.71,72.1,,-0.67,-0.63,-0.79,-0.64,-0.8,-2.26,33,4,5,3.9,3.8,4.1,4.1,7.7,9.1,1197.91,5.53,1.31,0.48,0.61,24.1,36,27,55,66,54,3.2,,,,53.92,34.77,4.05,0.56,1197.91,96.3,8.9,6.6,6.2,9.1,,,,,,,,,,,,2.29,,,
Palau,PLW,OC,2018,47.61,77.5,33.14,,21.56,0.31,-0.01,-0.55,-0.06,1.15,0.86,,1,1,,,,,,,12684.72,5.82,0,,,,,,,,,10.87,47.6,,,44.35,55.73,,0.814,12684.72,,,,,,,,,,,,,,,,,0,47.6,26.6,36.7
Palestine,PS,AS,2018,15.96,55.44,21.99,14.6,,-0.48,-0.76,-0.2,0.02,-0.9,-1.81,,,,,,,,,,2985.76,,0,0,,,,,,,,,43.4,,,,,,0.69,2985.76,,,,,,,,,,,,,,,,,0.26,43.4,21.8,32.6
Panama,PAN,NA,2018,42.54,46.85,11.68,39.48,9.91,-0.09,-0.02,-0.55,0.36,0.57,0.27,37,2,2,4.3,4.4,5.7,5.8,4,2.4,11755.12,3.6,0.13,0,0,32.4,61,39,74,78,67,7.27,40.1,,37.1,71.07,71.8,0,0.795,11755.12,49.5,2.2,2.9,7.1,2.4,,,,,,,,,,,,0.05,40.1,21.6,34.8
Papua New Guinea,PNG,OC,2018,,,,32.35,13.19,-0.77,-0.68,-0.88,-0.53,0.04,-0.7,28,3,3,,,,,7.3,6.5,2397.66,-0.28,24.52,3.03,6.61,,38,33,61,86,56,2.37,31.8,,,52.05,58.83,0.38,0.543,2397.66,84.8,7.1,6.1,9.1,6.5,,,,,,,,,,,,0.03,31.8,17.3,24.2
Paraguay,PRY,SA,2018,35.92,34.75,11.21,19.68,10.04,-0.52,-0.52,-0.84,-0.08,0.06,-0.07,29,3,3,2.5,1.7,3.4,3.3,5.6,4.5,5379.58,3.36,1.21,0,0,28.7,38,28,62,76,62,6.65,35.5,24.2,35.9,61.86,49.94,0.93,0.724,5379.58,69.8,7.8,5,7.6,4.5,,,,,,,,,,,,0,35.5,19,27.3
Peru,PER,SA,2018,25.38,23.54,13.11,25.76,14.32,-0.53,-0.25,-0.53,0.5,0.23,-0.26,35,2,3,3.2,2.6,3.6,4.2,4,3.2,6453.56,3.96,8.9,0.31,0.26,31.8,57,37,69,87,69,5.24,,20.5,32.1,68.9,61.15,1.17,0.759,6453.56,70.1,6.9,3.5,7.1,3.2,,,,,,,,,,,,0,,,
Philippines,PHL,AS,2018,30.21,41.95,12.04,39.9,14.05,-0.48,0.05,-0.54,-0.06,0.04,-1.08,36,3,3,3.5,2.4,3.6,4.1,7.1,6.9,3190.78,6.34,1.47,0.07,0.17,31.6,45,34,63,81,65,4.4,,,,66.91,57.22,0.86,0.712,3190.78,85.5,8,5.2,5.4,6.9,,,,,,,,,,,,13.82,,,
Poland,POL,EU,2018,55.24,52.18,17.73,48.8,17.4,0.43,0.66,0.64,0.88,0.72,0.5,60,1,2,4.1,4,4.4,4.8,3.7,2.9,16648.77,5.35,0.97,0.05,0.07,41.7,62,51,67,87,69,6.33,,15.4,,79.67,72.84,2.06,0.872,16648.77,41.5,4.2,3.9,2.7,2.9,,,,,,,,,,,,18.39,,,
Portugal,PRT,EU,2018,43.45,42.98,16.98,121.5,22.65,1.14,1.21,0.85,0.89,1.21,1.14,64,1,1,6.1,4.6,5,5.4,1.5,2.6,24085.42,2.85,0.18,0,0,45.7,69,57,83,87,63,9.41,35.9,17.2,,84.88,80.38,1.86,0.85,24085.42,27.3,2.5,4.8,2.2,2.6,,,,,,,,,,,,0.34,35.9,25.3,24.8
Puerto Rico,PRI,NA,2018,59.99,46.01,7.97,,,0.59,-0.16,0.04,0.95,0.49,0.29,,,,,,,,,,27362.43,-4.66,0,0,,,,,,,,,37.7,,,,,,,27362.43,,,,,,,,,,,,,,,,,5.92,37.7,13.3,29.7
Qatar,QAT,AS,2018,55.94,35.9,16.28,52.18,,0.73,0.63,0.73,0.6,-1.19,0.67,62,6,5,5.6,4.7,5.3,5.7,6.2,8.6,63932.66,1.24,21.29,16.59,4.71,36.6,70,72,71,83,73,2.49,,,,75.32,76.54,,0.848,63932.66,48.1,5,1.8,4.6,8.6,,,,,,,,,,,,0,,,
Republic of the Congo,COG,AF,2018,71.83,49.56,14.76,78.56,7.84,-1.1,-1.22,-1.36,-1.33,-1.18,-0.34,19,7,5,,,,,8.5,6.8,2303.98,-6.43,54.92,49.96,1.75,,32,25,31,62,39,2.14,,,,53.67,50.72,2.57,0.609,2303.98,93.1,6.7,7.3,7.8,6.8,,,,,,,,,,,,0,,,
Romania,ROU,EU,2018,41.86,45.27,16.83,34.7,14.49,0.33,-0.25,-0.12,0.43,0.46,0.06,47,2,2,3,3.1,3.9,4.7,3.8,3.3,11540.62,4.48,1.04,0.44,0.37,37.6,61,40,65,87,69,5.56,,23.8,,79.29,71.71,1.82,0.816,11540.62,49.4,5.7,4.6,3.9,3.3,,,,,,,,,,,,0,,,
Russia,RUS,EU,2018,30.52,20.62,17.58,14.5,11.38,-0.82,-0.06,-0.85,-0.55,-1.06,-0.53,28,7,6,3.3,4.9,4.6,4.9,9.2,5.7,11844.44,2.81,15.53,10,3.7,37.9,49,38,77,79,58,5.32,,12.9,29.9,71.94,54.46,3.72,0.824,11844.44,77.2,8.1,4.9,5.9,5.7,,,,,,,,,,,,0,,,
Rwanda,RWA,AF,2018,21.14,34.68,14.74,44.99,14.25,0.12,0.21,0.58,0.09,-1.13,0.12,56,6,6,4.7,3.2,2.9,4.8,6.9,7.2,845.41,8.58,4.02,0,,26.5,70,61,55,71,69,7.54,,,,51.61,51.44,1.25,0.536,845.41,89.3,8,6.3,8,7.2,,,,,,,,,,,,,,,
Saint Lucia,LCA,NA,2018,,,,64.28,,0.61,0.2,0.54,0.29,0.87,1.01,55,1,1,,,,,,,9237.37,2.64,0.01,0,,,68,51,77,74,68,4.4,,,,56.35,59.9,,0.745,9237.37,,,,,,,,,,,,,,,,,0,,,
Saint Vincent and the Grenadines,VCT,NA,2018,,,,75.46,,0.43,0.2,0.77,0.26,0.88,0.85,58,1,1,,,,,,,6852.6,2.16,0.02,0,,,37,52,80,76,68,4.47,,,,49.86,50.79,,0.728,6852.6,,,,,,,,,,,,,,,,,23.27,,,
Samoa,WSM,OC,2018,34.82,51.16,,52.9,,0.82,0.59,0.64,-0.11,0.76,1.18,,2,2,,,,,4,9.5,3753.95,-2.06,0.27,0,,,53,40,77,70,62,5.21,,,,52.24,53.75,,0.707,3753.95,65.5,5.1,6.6,4.6,9.5,,,,,,,,,,,,0,,,
San Marino,SMR,EU,2018,166.6,142.89,19.41,78.54,17.96,,,,,1.15,0.86,,1,1,,,,,,,50023.79,1.53,0,,,,,,,,,7.14,28.5,,,56.97,,,,50023.79,,,,,,,,,,,,,,,,,0.13,28.5,25.9,29.2
Sao Tome and Principe,STP,AF,2018,,,,83.08,,-0.69,-0.64,0.18,-0.84,0.16,0.53,46,2,2,,,,,3,8.2,1296.75,3.03,1.9,0,,,38,39,66,72,54,6.27,,,,44.28,44.83,,0.609,1296.75,72.1,6.3,8.5,6.3,8.2,,,,,,,,,,,,0,,,
Saudi Arabia,SAU,AS,2018,40.04,26.65,24.62,18.99,8.93,0.14,0.32,0.36,-0.08,-1.64,-0.55,49,7,7,5,3.9,4.6,5.2,9,4.4,20819.75,2.43,29.55,28.71,0.73,34.3,53,50,74,78,60,6.36,,,,67.73,63.99,9.51,0.857,20819.75,70.2,8.5,4.4,4.7,4.4,,,,,,,,,,,,0,,,
Senegal,SEN,AF,2018,23.01,37.5,13.75,63.53,16.29,-0.21,-0.27,-0.02,-0.11,0.24,-0.09,45,2,2,3.7,2.6,3.6,4.1,5.7,6.4,1547.09,6.21,2.59,0,0.02,26.5,41,43,52,67,56,3.98,,,,61.83,48.93,1.63,0.514,1547.09,79.6,6.9,7.2,7.1,6.4,,,,,,,,,,,,0,,,
Serbia,SRB,EU,2018,50.43,59.06,16.54,54.35,23.6,-0.15,0.11,-0.37,0.11,0,0.02,39,3,2,3.4,2.7,3.2,4.5,4.1,6.3,6898.17,4.5,1.29,0.11,0.03,35.5,46,37,68,87,63,8.54,26.5,,,78.34,72.66,1.62,0.799,6898.17,68.1,8.3,6.4,4.5,6.3,,,,,,,,,,,,0.05,26.5,12.7,20.9
Seychelles,SYC,AF,2018,84.1,98.25,22.87,55,34.12,0.2,0.5,0.7,-0.16,0.21,0.69,66,3,3,4.5,2.9,4.7,4.8,3.5,6.7,14417.06,1.33,0.09,0,,,61,39,63,87,62,5.11,25.4,,,63.76,77.62,1.43,0.801,14417.06,56.8,6,3.8,5.2,6.7,,,,,,,,,,,,0,25.4,13.9,21.1
Sierra Leone,SLE,AF,2018,17.47,39.23,9.24,69.09,,-0.77,-1.14,-0.49,-0.89,-0.16,-0.08,30,3,3,3.6,2.3,3,2.9,5.1,7.6,472.83,3.47,7.88,0,,,34,22,51,69,52,16.06,,56.8,29.4,45.53,39.69,0.75,0.438,472.83,89.1,7.8,8.4,8.6,7.6,,,,,,,,,,,,0,,,
Singapore,SGP,AS,2018,177.68,149.26,10.05,109.75,13.14,1.84,2.23,2.17,2.13,-0.06,1.49,85,4,4,6.4,5.8,6.4,6.7,4.9,1.2,59073.49,3.5,0,0,0,59.8,98,91,91,90,89,4.46,,,,83.49,93.63,3.11,0.935,59073.49,30.4,4,1.7,3.5,1.2,,,,,,,,,,,,0.01,,,
Slovakia,SVK,EU,2018,96.22,94.33,18.67,49.6,18.59,0.53,0.71,0.36,0.81,0.88,0.75,50,1,1,4,4.1,3.3,3.9,2.5,3,20551.11,3.77,0.28,0.03,0.01,42.9,68,38,64,87,65,6.69,,,,82.66,82.52,1.22,0.857,20551.11,42.5,5,4.3,3.2,3,,,,,,,,,,,,0,,,
Slovenia,SVN,EU,2018,84.8,76.31,18.24,70.3,18.53,1.06,1.13,0.87,0.65,0.99,0.91,60,1,1,4.7,3.2,4.7,4.6,1.2,2,26760.48,4.38,0.23,0,0,46.9,77,52,80,87,65,8.3,36.2,12,,81.21,77.48,0.98,0.902,26760.48,30.3,2,3.5,3.1,2,,,,,,,,,,,,0,36.2,22.3,26.2
Solomon Islands,SLB,OC,2018,,,,11,25.87,-0.23,-1.05,0,-0.83,0.53,0.29,44,3,2,,,,,4.9,8.5,1773.69,3.94,22.08,0,,,49,37,69,75,58,4.47,,,,42.48,48.02,,0.557,1773.69,83.1,8.2,7.4,8.7,8.5,,,,,,,,,,,,0,,,
Somalia,SOM,AF,2018,23.71,108.54,10.97,,0,-2.33,-2.19,-1.8,-2.25,-1.84,-2.25,10,7,7,,,,,9.6,9.1,,2.8,,,,,33,18,,,,,,,,30.16,31.17,,,,113.2,10,8.9,9.3,9.1,,,,,,,,,,,,0.98,,,
South Africa,ZAF,AF,2018,29.91,29.56,21.28,56.7,26.51,-0.1,0.34,-0.02,0.13,0.66,-0.22,43,2,2,4.3,3.3,4.5,5.3,4.3,3.3,7433.62,0.79,5.17,0.01,0.03,35.1,68,45,65,72,63,8.25,,,,70.51,55.15,1,0.705,7433.62,72.9,6.6,7.1,7.2,3.3,,,,,,,,,,,,2.8,,,
South Korea,KOR,AS,2018,41.71,37.28,16.05,35.9,15.54,1.24,1.18,0.6,1.1,0.8,0.6,57,2,2,5.7,5.9,5.4,5.8,3.2,5.3,28157.73,2.91,0.02,0,0,56.6,79,50,91,80,74,7.56,,,,78.48,63.01,2.5,0.906,28157.73,35.7,3.9,2,2.7,5.3,,,,,,,,,,,,0,,,
Spain,ESP,EU,2018,35.15,32.43,18.66,97.4,14.22,0.97,1,0.61,0.95,1.07,0.3,58,1,1,5.6,5.4,5.2,5.6,1.5,1.7,32949.08,2.43,0.1,0,0,48.7,73,52,66,87,65,8.98,29.2,20.7,,83.81,77.29,1.26,0.893,32949.08,41.4,7.2,4.9,3.2,1.7,,,,,,,,,,,,0,29.2,16.2,22.9
Sri Lanka,LKA,AS,2018,22.92,30.31,9.12,83.7,11.92,0.03,-0.24,-0.34,-0.17,0.01,-0.14,38,3,4,3.8,3.3,4.1,4.4,8.4,6,3946.19,3.27,0.06,0,0,28.7,47,31,76,75,58,3.76,32.3,,,59.79,44.13,1.91,0.78,3946.19,84.9,8.8,5.5,6.8,6,,,,,,,,,,,,0,32.3,14.7,25.2
Sudan,SDN,AF,2018,7.91,10.01,4.75,185.61,,-1.12,-1.62,-1.43,-1.62,-1.84,-1.81,16,7,7,,,,,9.3,9.2,1812.12,-2.29,22.09,6.38,0,,28,21,52,56,49,4.51,34,,,46.34,46.2,1.78,0.508,1812.12,108.7,9.7,8,7.7,9.2,,,,,,,,,,,,0.03,34,31.3,26.4
Suriname,SUR,SA,2018,,,,81.42,,-0.06,-0.66,-0.21,-0.65,0.32,0.07,43,2,2,,,,,4.6,5.6,8100.37,2.58,29.19,6.92,0,,40,40,48,75,48,7.97,,,,53.62,56.41,,0.724,8100.37,64,5.8,7.2,6.1,5.6,,,,,,,,,,,,0,,,
Swaziland,SWZ,AF,2018,40.44,44.33,23.02,34.27,,-0.25,-0.66,-0.22,-0.62,-1.36,-0.36,38,7,6,4.3,3.1,3.4,3.7,8.8,7.6,4761.97,2.37,2.35,0,,,55,,61,80,,6.54,36,,,45.77,45.42,1.86,0.608,4761.97,87.5,6.8,9.8,8.1,7.6,,,,,,,,,,,,0.57,36,7.2,28.4
Sweden,SWE,EU,2018,45.68,43.45,26.06,38.9,27.91,1.89,1.83,2.14,1.83,1.61,0.95,85,1,1,5.6,4.4,5.5,5.8,0.9,0.9,57911.23,1.95,0.54,0,0,63.1,93,93,89,87,76,10.9,43.1,17.1,,89.44,83.59,1.03,0.937,57911.23,20.8,1.8,1.6,1.6,0.9,,,,,,,,,,,,0,43.1,55.1,31.6
Switzerland,CHE,EU,2018,66.13,53.9,11.81,25.8,9.97,1.93,2.04,2.01,1.8,1.62,1.34,85,1,1,6.4,6.7,4.5,6.3,1.5,0.7,79234.96,3.04,0.01,0,0,68.4,84,83,76,90,82,11.88,37.6,,,90.79,86.41,0.66,0.946,79234.96,19.2,1,2,1.9,0.7,,,,,,,,,,,,0,37.6,,29.7
Syria,SYR,AS,2018,,,,,,-2.05,-1.67,-1.63,-1.74,-1.96,-2.73,13,7,7,,,,,9.9,10,,,26.84,,,,37,23,62,57,,,,,,50.83,43.57,,0.549,,111.4,9.9,8.5,7.8,10,,,,,,,,,,,,2.48,,,
Taiwan,TWN,AS,2018,,,,35.38,,1.11,1.36,1.03,1.38,0.98,0.85,63,1,1,5.5,5.3,5.2,5.5,,,,2.79,,,,,84,71,93,86,77,,32.8,,,,,,,,,,,,,,,,,,,,,,,,1.7,32.8,15.2,25.6
Tajikistan,TJK,AS,2018,,,,47.82,,-1.28,-1.1,-1.42,-1.05,-1.69,-0.74,25,7,6,4.5,3.9,1,4.4,8.3,5.6,1073.02,7.3,6.77,0.12,0.07,26.5,47,38,63,71,58,7.24,42.9,27.4,,50.84,50.08,,0.656,1073.02,79.5,8.4,7,4.5,5.6,,,,,,,,,,,,0.04,42.9,14.3,33.5
Tanzania,TZA,AF,2018,,,,38.7,11.49,-0.56,-0.76,-0.45,-0.62,-0.36,-0.56,36,4,4,3.7,2.9,3.8,3.9,6,6.9,959.35,6.96,4.68,0,0.31,28.1,38,32,50,77,60,3.63,,26.4,,49.73,38.05,1.26,0.528,959.35,79.4,5.7,6.3,7.4,6.9,,,,,,,,,,,,5.1,,,
Thailand,THA,AS,2018,64.87,56.03,16.15,41.76,14.93,0.02,0.35,-0.4,0.1,-1,-0.79,36,6,5,4.4,2.6,4.1,5,8,3.5,6370.02,4.19,2.01,0.76,0.87,38,49,35,77,83,67,3.79,,9.9,28.2,72.46,66.47,1.36,0.765,6370.02,75,9.4,3.4,5,3.5,,,,,,,,,,,,0,,,
Togo,TGO,AF,2018,31.9,43.77,18.43,57.33,16.85,-0.59,-1.06,-0.73,-0.65,-0.74,-0.88,30,4,4,,,,,6.8,5.7,676.99,4.97,11.17,0,0,18.9,33,31,50,67,48,6.17,,,,52.45,50.36,1.95,0.513,676.99,85.2,7.6,6.7,8.2,5.7,,,,,,,,,,,,0,,,
Tonga,TON,OC,2018,21.2,65.66,,,,0.39,0.14,-0.07,-0.35,0.56,0.88,,2,2,,,,,,,4377.68,0.3,0.03,0,,,62,41,76,79,63,5.1,25.5,,,47.57,51.75,,0.717,4377.68,,,,,,,,,,,,,,,,,0.3,25.5,6.4,21.6
Trinidad and Tobago,TTO,NA,2018,,,,60.4,19.94,-0.12,0.19,-0.32,-0.1,0.57,0.25,41,2,2,3.9,3.5,2.5,3.7,3.8,2.8,15161.07,0.07,10.61,4,6.56,27,55,33,68,74,58,6.93,,,,64.34,62,0.72,0.799,15161.07,54.6,5.6,4.5,4.6,2.8,,,,,,,,,,,,13.12,,,
Tunisia,TUN,AF,2018,48.29,61.49,19.95,77.9,,0.04,-0.11,-0.05,-0.51,0.21,-0.86,43,2,3,3.8,3.2,3.5,3.8,6.2,6.1,4408.37,2.72,3.29,2.56,0.27,32.9,49,37,81,82,59,7.29,33.2,,,68.72,57.92,2.11,0.739,4408.37,72.1,7.8,6.6,5,6.1,,,,,,,,,,,,0.24,33.2,,25.4
Turkey,TUR,EU,2018,31.2,31.34,14.69,30.17,17.28,-0.32,0.01,-0.34,0.02,-0.83,-1.31,41,5,6,4.9,3.3,4.5,5.3,7.8,5.4,15190.1,2.96,0.48,0.11,0,37.4,55,42,63,79,65,4.12,40.2,14.4,32.6,70.57,54.7,2.55,0.807,15190.1,82.2,9.1,4.5,5.4,5.4,,,,,,,,,,,,0,40.2,9.7,29.8
Turkmenistan,TKM,AS,2018,22.67,12.5,,31.44,,-1.45,-1.04,-1.36,-1.98,-2.14,0,20,7,7,,,,,8.7,3.8,7647.94,6.2,24.67,7.05,17.62,,30,27,30,80,47,6.61,,,,40.72,38.85,,0.71,7647.94,72.6,7.8,4.8,6.7,3.8,,,,,,,,,,,,0.01,,,
Tuvalu,TUV,OC,2018,,,,17.28,,0.53,-0.69,0.03,-0.57,1.15,1.42,,1,1,,,,,,,3635.92,3.18,0,0,,,,,,,,19.05,,,,,,,,3635.92,,,,,,,,,,,,,,,,,0.55,,,
Uganda,UGA,AF,2018,15.09,21.56,8.64,40.6,11.69,-0.29,-0.61,-1.04,-0.25,-0.67,-0.69,26,6,4,3.5,1.6,2.6,3.3,7.9,7.8,933.84,5.97,7.47,0,,25.3,44,28,45,78,62,6.53,,,,53.49,48.07,1.44,0.528,933.84,95.1,8.6,6,7.3,7.8,,,,,,,,,,,,0,,,
Ukraine,UKR,EU,2018,45.2,53.92,20.77,60.9,20.14,-0.72,-0.42,-0.87,-0.3,-0.01,-1.86,32,3,3,2.7,4.3,3.8,4,6.5,8.3,3106.04,3.41,3.71,0.32,1.05,38.5,41,29,63,81,52,7.72,,1.3,22,74.95,66.01,3.19,0.75,3106.04,72.6,8,6.6,3.9,8.3,,,,,,,,,,,,,,33.1,
United Arab Emirates,ARE,AS,2018,93.05,66.68,11.82,20.91,0.06,0.81,1.43,1.15,0.93,-1.11,0.71,70,7,6,5.9,4.6,5.4,5.9,7.9,2.1,41327.38,1.19,17.38,16.59,0.79,42.6,76,77,80,84,78,4.23,,,,75.51,86.9,,0.866,41327.38,42.8,3.6,2.5,3.1,2.1,,,,,,,,,,,,1.52,,,
United Kingdom,GBR,EU,2018,30.61,32,18.48,84.09,25.59,1.64,1.34,1.83,1.78,1.39,0.04,80,1,1,5.2,4.6,5.4,5.7,1.8,1,43324.05,1.25,0.66,0.52,0.14,60.1,92,79,91,87,78,10,,,,89.39,81.91,1.77,0.92,43324.05,34.3,5,3.6,3.7,1,,,,,,,,,,,,1.92,,,
Uruguay,URY,SA,2018,21,18.99,14.64,60.15,20.09,0.59,0.56,1.26,0.51,1.21,1.04,70,1,1,3.3,1.3,4.8,5.1,3.1,2.5,14617.46,0.48,1.6,0,0,34.2,69,72,74,80,69,9.2,57.1,8.1,29.7,72.89,61.63,2.13,0.808,14617.46,35.4,2.7,3.5,3.8,2.5,,,,,,,,,,,,0,57.1,54.4,44.4
USA,USA,NA,2018,12.29,15.25,14.05,101.65,9.91,1.51,1.58,1.33,1.62,1.05,0.47,71,2,1,5.9,5.7,5.8,5.9,3.3,1.5,54832.98,3,0.71,0.38,0.03,59.8,79,72,83,87,76,16.89,,,,82.28,67.68,3.32,0.92,54832.98,37.7,5.8,2.3,4,1.5,,,,,,,,,,,,0,,,
Uzbekistan,UZB,AS,2018,28.04,38.59,14.06,20.43,14.79,-1.07,-0.55,-1.07,-1.08,-1.62,-0.29,23,7,7,,,,,8.7,4.1,2373.54,5.45,18.95,1.45,10.06,,49,24,67,63,52,5.29,,,,52.4,56.92,3.56,0.71,2373.54,79.1,8.8,6.1,6.7,4.1,,,,,,,,,,,,,,,
Vanuatu,VUT,OC,2018,,,,48.08,17.84,0.34,-0.49,-0.16,-0.46,0.54,0.83,46,2,2,,,,,,,2864.83,2.9,0.54,0,,,68,75,55,75,70,3.37,,,,48.88,64.03,,0.597,2864.83,,,,,,,,,,,,,,,,,,,,
Venezuela,VEN,SA,2018,,,,180.79,,-2.32,-1.58,-1.47,-2.36,-1.41,-1.32,18,6,5,2.8,1.5,2.2,2.4,9,5.5,,-19.62,19.37,,,,5,8,35,59,25,3.56,,,,52.25,31.5,,0.726,,86.2,8.5,8.3,6.6,5.5,,,,,,,,,,,,,,,
Vietnam,VNM,AS,2018,105.83,102.47,6.47,58.3,,0,0,-0.49,-0.35,-1.44,0.11,33,7,5,3.2,3.4,3.8,3.8,7.7,5.2,1964.48,7.08,4.32,1.61,0.58,37.9,46,30,63,79,53,5.92,,6.7,27.5,65.55,61.06,,0.693,1964.48,68.4,6.9,4.8,4.7,5.2,,,,,,,,,,,,,,,
Yemen,YEM,AS,2018,,,,74.54,,-1.79,-2.24,-1.64,-1.59,-1.75,-2.99,14,7,6,2.2,1.3,2.2,2.2,9.8,10,632.91,0.75,2.69,2.65,0,15,18,21,53,,,,,,,48,42.48,,0.463,632.91,112.7,10,9.6,8.2,10,,,,,,,,,,,,,,,
Zambia,ZMB,AF,2018,37.96,36.93,12.71,77.33,16.59,-0.35,-0.56,-0.66,-0.48,-0.32,0.09,35,4,4,3.4,2.2,2.6,3.9,7.7,6.9,1678.17,4.04,19.11,0,0,20.7,46,36,70,78,54,4.93,,,,57.79,56.08,1.42,0.591,1678.17,87.2,5.9,7.8,9.3,6.9,,,,,,,,,,,,,,,
Zimbabwe,ZWE,AF,2018,19,31,25.62,33.63,20.66,-1.27,-1.2,-1.23,-1.5,-1.12,-0.71,22,6,5,2.7,1.8,3.1,3.5,8.5,7.6,1305.78,3.5,5.75,0,0,23.1,28,19,37,69,44,4.73,,,,51.78,38.1,1.22,0.563,1305.78,102.3,10,8.6,8.2,7.6,,,,,,,,,,,,,,,
